{
  "version": 1,
  "author": "Anonymous maker",
  "editor": "wokwi",
  "parts": [
    { "type": "board-esp32-devkit-c-v4", "id": "esp", "top": 0, "left": 0, "attrs": {} },
    {
      "type": "board-ssd1306",
      "id": "oled1",
      "top": 175.94,
      "left": 163.43,
      "attrs": { "i2cAddress": "0x3c" }
    }
  ],
  "connections": [
    [ "esp:TX", "$serialMonitor:RX", "", [] ],
    [ "esp:RX", "$serialMonitor:TX", "", [] ],
    [ "oled1:VCC", "esp:3V3", "red", [ "v0" ] ],
    [ "esp:GND.2", "oled1:GND", "black", [ "v0" ] ],
    [ "esp:22", "oled1:SCL", "green", [ "h0" ] ],
    [ "esp:21", "oled1:SDA", "green", [ "h-148.76", "v-192" ] ]
  ],
  "dependencies": {}
}